Employee_Name,EmpID,PayRate,Position,State,Zip,DOB,Sex,MaritalDesc,Dependents,CitizenDesc,HispanicLatino,RaceDesc,DateofHire,DateofTermination,TermReason,EmploymentStatus,Department,ManagerName,RecruitmentSource,PerformanceScore,EngagementSurvey,EmpSatisfaction,EmpSatisfaction2,SpecialProjectsCount,LastPerformanceReview_Date,DaysLateLast30,AbsencesLast30
"Brown, Mia",1103024456,59280,Accountant I,MA,1450,11/24/87,F,Married,0,US Citizen,No,Black or African American,10/27/08,,N/A - still employed,Active,Admin Offices,Brandon R. LeBlanc,Diversity Job Fair,Fully Meets,4.08,2,43,6,1/15/19,0,1
"LaRotonda, William  ",1106026572,47840,Accountant I,MA,1460,4/26/84,M ,Divorced,4,US Citizen,No,Black or African American,1/6/14,,N/A - still employed,Active,Admin Offices,Brandon R. LeBlanc,Website Banner Ads,Fully Meets,10,4,82,4,1/17/19,0,2
"Steans, Tyrone  ",1302053333,60320,Accountant I,MA,2703,9/1/86,M ,Single,2,US Citizen,No,White,9/29/14,,N/A - still employed,Active,Admin Offices,Brandon R. LeBlanc,Internet Search,Fully Meets,7.8,5,100,5,1/18/19,0,7
"Howard, Estelle",1211050782,44720,Administrative Assistant,MA,2170,9/16/85,F,Married,3,US Citizen,No,White,2/16/15,4/15/15,,Terminated for Cause,Admin Offices,Brandon R. LeBlanc,Pay Per Click - Google,Fully Meets,6.48,3,,4,,,2
"Singh, Nan ",1307059817,34444.8,Administrative Assistant,MA,2330,5/19/88,F,Single,4,US Citizen,No,White,5/1/15,,N/A - still employed,Active,Admin Offices,Brandon R. LeBlanc,Website Banner Ads,Fully Meets,10,3,64,5,1/15/19,0,2
"Smith, Leigh Ann",711007713,42640,Administrative Assistant,MA,1844,6/14/87,F,Married,1,US Citizen,No,Asian,9/26/11,9/25/13,career change,Voluntarily Terminated,Admin Offices,Brandon R. LeBlanc,Diversity Job Fair,Fully Meets,7.6,4,,4,,,0
"Bunbury, Jessica",1504073368,114400,Area Sales Manager,VA,21851,6/1/64,F,Married,5,Eligible NonCitizen,No,Black or African American,8/15/11,8/2/14,Another position,Voluntarily Terminated,Sales,John Smith,Social Networks - Facebook Twitter etc,Fully Meets,6.28,5,,0,,,2
"Carter, Michelle ",1403065721,114400,Area Sales Manager,VT,5664,5/15/63,F,Single,2,US Citizen,No,White,8/18/14,,N/A - still employed,Active,Sales,John Smith,Billboard,Fully Meets,10,5,100,0,1/21/19,0,5
"Dietrich, Jenna  ",1408069481,114400,Area Sales Manager,WA,98052,5/14/87,F,Single,4,US Citizen,Yes,White,2/20/12,,N/A - still employed,Active,Sales,John Smith,Website Banner Ads,PIP,4.6,1,21,0,1/29/19,0,5
"Digitale, Alfred",1306059197,116480,Area Sales Manager,NH,3062,9/14/88,M ,Married,1,US Citizen,No,American Indian or Alaska Native,8/18/14,,N/A - still employed,Active,Sales,John Smith,Pay Per Click - Google,Fully Meets,7.2,5,100,0,1/30/19,0,2
"Friedman, Gerry",1204032843,115440,Area Sales Manager,NY,10171,2/24/69,M ,Single,5,US Citizen,Yes,Two or more races,3/7/11,,N/A - still employed,Active,Sales,John Smith,Diversity Job Fair,Fully Meets,7.3,5,100,0,1/17/19,0,2
"Gill, Whitney  ",1302053046,114400,Area Sales Manager,OH,43050,7/10/71,F,Widowed,0,US Citizen,No,Black or African American,7/7/14,9/5/15,attendance,Terminated for Cause,Sales,John Smith,Monster.com,Fully Meets,7.94,4,,0,,,0
"Gonzales, Ricardo",1411071481,115440,Area Sales Manager,ID,83706,10/12/54,M ,Married,5,US Citizen,No,White,5/12/14,,N/A - still employed,Active,Sales,John Smith,Monster.com,Fully Meets,7.96,3,70,0,1/28/19,0,0
"Guilianno, Mike",1001167253,114400,Area Sales Manager,TN,37129,2/9/69,M ,Single,4,US Citizen,No,Two or more races,3/7/11,10/31/14,relocation out of area,Voluntarily Terminated,Sales,John Smith,Newspager/Magazine,Fully Meets,9,5,,0,,,7
"Leruth, Giovanni",1412071660,114400,Area Sales Manager,UT,84111,12/27/88,M ,Separated,0,US Citizen,No,Black or African American,4/30/12,,N/A - still employed,Active,Sales,John Smith,Website Banner Ads,Fully Meets,9.06,3,66,0,1/29/19,0,1
"Mullaney, Howard",1306057978,114400,Area Sales Manager,AL,36006,11/2/75,M ,Single,0,US Citizen,No,Two or more races,9/29/14,,N/A - still employed,Active,Sales,John Smith,Internet Search,PIP,3.86,3,67,0,1/30/19,0,2
"Ozark, Travis",812011761,114400,Area Sales Manager,NC,27229,5/19/82,M ,Single,0,US Citizen,No,White,1/5/15,,N/A - still employed,Active,Sales,John Smith,Website Banner Ads,Fully Meets,10,5,100,0,1/14/19,0,1
"Strong, Caitrin",1411071295,112320,Area Sales Manager,MT,59102,5/12/89,F,Married,4,US Citizen,No,Black or African American,9/27/10,,N/A - still employed,Active,Sales,John Smith,Professional Society,Fully Meets,4,4,84,0,1/31/19,0,0
"Valentin,Jackie",1312063714,114400,Area Sales Manager,AZ,85006,5/23/91,F,Married,4,US Citizen,No,Two or more races,7/5/11,,N/A - still employed,Active,Sales,John Smith,Other,Fully Meets,5.62,3,70,0,1/17/19,0,1
"Villanueva, Noah",1111030503,116480,Area Sales Manager,ME,4063,7/11/89,M ,Single,3,US Citizen,No,Asian,3/5/12,,N/A - still employed,Active,Sales,John Smith,Website Banner Ads,Fully Meets,3.54,4,87,0,1/18/19,0,6
"Buck, Edward",1504073313,114400,Area Sales Manager,MA,2330,7/7/75,M ,Married,2,US Citizen,No,White,9/29/14,,N/A - still employed,Active,Sales,Lynn Daneault,Employee Referral,Fully Meets,6.62,5,100,0,1/28/19,0,1
"Costa, Latia",1409070567,114400,Area Sales Manager,CA,90007,11/8/88,F,Single,4,US Citizen,No,White,1/10/11,,N/A - still employed,Active,Sales,Lynn Daneault,Other,Exceeds,9.54,5,100,0,1/27/19,0,2
"Fraval, Maruk ",1411071302,114400,Area Sales Manager,CT,6050,8/28/63,M ,Single,4,US Citizen,No,Black or African American,9/6/11,,N/A - still employed,Active,Sales,Lynn Daneault,Monster.com,Fully Meets,3.28,3,67,0,1/27/19,0,5
"Givens, Myriam",1203032099,114400,Area Sales Manager,IN,46204,9/22/89,F,Single,4,US Citizen,No,White,2/16/15,,N/A - still employed,Active,Sales,Lynn Daneault,Pay Per Click - Google,Fully Meets,3.44,5,100,0,1/25/19,0,7
Jeremy Prater,1001084890,116480,Area Sales Manager,NV,89139,5/9/74,M ,Married,3,US Citizen,No,White,5/12/14,,N/A - still employed,Active,Sales,Lynn Daneault,Website Banner Ads,PIP,3.62,2,50,0,1/17/19,0,2
"Khemmich, Bartholemew",1104025008,114400,Area Sales Manager,CO,80820,11/27/79,M ,Single,3,US Citizen,No,White,8/19/13,,N/A - still employed,Active,Sales,Lynn Daneault,Pay Per Click - Google,Fully Meets,4.38,5,100,0,1/22/19,0,7
"Martins, Joseph",1209048771,116480,Area Sales Manager,TX,78207,6/11/70,M ,Single,4,Eligible NonCitizen,No,Black or African American,5/14/12,,N/A - still employed,Active,Sales,Lynn Daneault,Employee Referral,Fully Meets,5.88,5,100,0,1/19/19,0,6
"McKinzie, Jac",1209049326,114400,Area Sales Manager,TX,78789,7/1/84,M ,Married,3,US Citizen,No,Two or more races,7/6/16,,N/A - Has not started yet,Future Start,Sales,Lynn Daneault,Website Banner Ads,Fully Meets,5.82,4,88,0,1/29/19,0,0
"Nguyen, Dheepa",1111030684,114400,Area Sales Manager,GA,30428,3/31/89,F,Single,4,US Citizen,No,Two or more races,7/8/13,,N/A - still employed,Active,Sales,Lynn Daneault,Pay Per Click - Google,Fully Meets,10,5,100,0,1/25/19,0,6
"Onque, Jasmine",1501072180,118560,Area Sales Manager,FL,33174,5/11/90,F,Single,4,US Citizen,Yes,White,9/30/13,,N/A - still employed,Active,Sales,Lynn Daneault,Pay Per Click - Google,Fully Meets,8.56,3,66,0,1/25/19,0,6
"Potts, Xana",1102024106,114400,Area Sales Manager,KY,40220,8/29/88,F,Married,2,US Citizen,No,Black or African American,1/9/12,,N/A - still employed,Active,Sales,Lynn Daneault,Website Banner Ads,Fully Meets,8.4,5,100,0,2/1/19,0,2
"Riordan, Michael",1502072711,114400,Area Sales Manager,ND,58782,1/15/68,M ,Separated,2,US Citizen,No,White,1/9/06,,N/A - still employed,Active,Sales,Lynn Daneault,Billboard,Exceeds,8.2,3,63,0,1/4/19,0,0
"Terry, Sharlene ",1401064637,114400,Area Sales Manager,OR,97756,5/7/65,F,Single,3,US Citizen,No,Black or African American,9/29/14,,N/A - still employed,Active,Sales,Lynn Daneault,Monster.com,Fully Meets,7.38,3,61,0,1/28/19,0,5
"Rachael, Maggie",1009919940,93600,BI Developer,MA,2110,5/12/80,F,Married,5,US Citizen,No,Black or African American,10/2/16,,N/A - still employed,Active,IT/IS,Brian Champaigne,Indeed,Fully Meets,4.04,4,82,6,2/6/19,0,1
"Smith, Jason",1009919980,95680,BI Developer,MA,2045,9/4/83,M ,Single,2,US Citizen,No,White,2/15/17,,N/A - still employed,Active,IT/IS,Brian Champaigne,Indeed,Fully Meets,6.02,5,100,7,1/23/19,0,3
"Westinghouse, Matthew",1009919990,93600,BI Developer,MA,2134,10/24/87,M ,Married,0,US Citizen,No,White,4/20/17,,N/A - still employed,Active,IT/IS,Brian Champaigne,Indeed,Fully Meets,3.64,3,64,6,1/2/19,0,0
"Hubert, Robert",1009920000,93600,BI Developer,MA,2134,6/30/89,M ,Married,3,US Citizen,No,Black or African American,4/20/17,,N/A - still employed,Active,IT/IS,Brian Champaigne,Indeed,Fully Meets,4.12,5,100,5,1/28/19,0,0
"Champaigne, Brian",1009919920,132080,BI Director,MA,2045,2/9/72,M ,Married,5,US Citizen,No,White,9/6/16,,N/A - still employed,Active,IT/IS,Jennifer Zamora,Professional Society,Fully Meets,9,5,100,7,1/15/19,0,1
"Zamora, Jennifer",1112030816,135200,CIO,MA,2067,8/30/79,F,Single,3,US Citizen,No,White,4/10/10,,N/A - still employed,Active,IT/IS,Janet King,Employee Referral,Exceeds,2.24,5,100,6,2/21/19,0,3
"Roper, Katie",1009919950,114400,Data Architect,MA,2056,11/21/72,F,Single,3,US Citizen,No,Black or African American,1/7/17,,N/A - still employed,Active,IT/IS,Brian Champaigne,Indeed,Fully Meets,9.88,3,70,5,2/6/19,0,4
"Becker, Renee",1102024056,89440,Database Administrator,MA,2026,4/4/86,F,Single,2,US Citizen,Yes,White,7/7/14,9/12/15,performance,Terminated for Cause,IT/IS,Simon Roup,Search Engine - Google Bing Yahoo,Fully Meets,3.74,4,,5,,,6
"Goble, Taisha",905013738,100880,Database Administrator,MA,2127,10/23/71,F,Single,3,US Citizen,No,White,2/16/15,3/15/15,"no-call, no-show",Terminated for Cause,IT/IS,Simon Roup,Glassdoor,Fully Meets,3.74,4,,4,,,6
"Hernandez, Daniff",1410071156,83408,Database Administrator,MA,1960,8/7/86,M ,Married,4,US Citizen,No,Black or African American,2/16/15,2/22/15,"no-call, no-show",Terminated for Cause,IT/IS,Simon Roup,Employee Referral,Fully Meets,8.66,3,,7,,,2
"Horton, Jayne",1105025718,70720,Database Administrator,MA,2493,2/21/84,F,Single,0,US Citizen,No,White,3/30/15,,N/A - still employed,Active,IT/IS,Simon Roup,Glassdoor,Fully Meets,8.96,5,100,6,1/3/19,0,2
"Johnson, Noelle ",1003018246,83200,Database Administrator,MA,2301,11/7/86,F,Married,1,US Citizen,No,Asian,1/5/15,,N/A - still employed,Leave of Absence,IT/IS,Simon Roup,Glassdoor,Fully Meets,7.5,3,71,5,2/11/19,0,1
"Murray, Thomas",1406068403,73840,Data Analyst,TX,78230,7/4/88,M ,Divorced,0,US Citizen,No,Black or African American,11/10/14,,N/A - still employed,Active,IT/IS,Simon Roup,Diversity Job Fair,Exceeds,8.56,4,83,5,2/25/19,0,2
"Pearson, Randall",1102023965,85280,Data Analyst,MA,2747,9/5/84,M ,Married,3,US Citizen,No,White,12/1/14,5/1/16,performance,Voluntarily Terminated,IT/IS,Simon Roup,Employee Referral,Fully Meets,3.24,4,,5,,,1
"Petrowsky, Thelma",1108027853,88920,Data Analyst,MA,1886,9/16/84,F,Married,4,US Citizen,No,Asian,11/10/14,,N/A - still employed,Active,IT/IS,Simon Roup,Employee Referral,Exceeds,7.42,5,100,7,1/4/19,0,1
"Roby, Lori ",1407068885,82264,Data Analyst,MA,1886,10/11/81,F,Married,0,US Citizen,No,White,2/16/15,,N/A - still employed,Active,IT/IS,Simon Roup,Employee Referral,Fully Meets,7.38,5,100,6,2/14/19,0,0
"Rogers, Ivan",1203032255,87776,Data Analyst,MA,1810,8/26/86,M ,Married,3,US Citizen,No,White,3/30/15,,N/A - still employed,Active,IT/IS,Simon Roup,Pay Per Click - Google,Fully Meets,6.08,3,69,6,1/22/19,0,1
"Salter, Jason",1111030148,93600,Data Analyst ,MA,2452,12/17/87,M ,Divorced,2,US Citizen,No,Black or African American,1/5/15,10/31/15,hours,Voluntarily Terminated,IT/IS,Simon Roup,Vendor Referral,Fully Meets,4.38,3,,5,,,4
"Simard, Kramer",808010278,62816,Data Analyst,MA,2110,2/8/70,M ,Married,4,US Citizen,Yes,White,1/5/15,,N/A - still employed,Active,IT/IS,Simon Roup,Employee Referral,Fully Meets,6.64,3,69,7,1/14/19,0,2
"Zhou, Julia",1110029732,65312,Data Analyst,MA,2148,2/24/79,F,Single,0,US Citizen,No,White,3/30/15,,N/A - still employed,Active,IT/IS,Simon Roup,Employee Referral,Fully Meets,10,3,66,5,2/1/19,0,1
"Bramante, Elisa",1006020066,124800,Director of Operations,MA,2030,3/19/83,F,Single,2,US Citizen,No,Black or African American,1/5/09,,N/A - still employed,Active,Production       ,Janet King,Other,Exceeds,6.04,5,100,0,2/4/19,0,7
"Houlihan, Debra",1009021646,124800,Director of Sales,RI,2908,3/17/66,F,Married,5,US Citizen,No,White,5/5/14,,N/A - still employed,Active,Sales,Janet King,MBTA ads,Fully Meets,2.44,4,81,0,1/21/19,0,0
"Foss, Jason",1192991000,135200,IT Director,MA,1460,7/5/80,M ,Single,4,US Citizen,No,Black or African American,4/15/11,,N/A - still employed,Active,IT/IS,Jennifer Zamora,Professional Society,Exceeds,7.52,5,100,5,1/7/19,0,6
"Roup,Simon",1106026933,128960,IT Manager - DB,MA,2481,4/5/73,M ,Single,0,US Citizen,No,White,1/20/13,,N/A - still employed,Active,IT/IS,Jennifer Zamora,Professional Society,Fully Meets,5.92,5,100,7,2/18/19,0,0
"Ruiz, Ricardo",1001175250,43680,IT Manager - DB,MA,1915,1/4/64,M ,Divorced,0,US Citizen,No,Two or more races,1/9/12,11/4/15,hours,Voluntarily Terminated,IT/IS,Jennifer Zamora,Diversity Job Fair,Fully Meets,5.02,4,,6,,,0
"Monroe, Peter",1011022863,131040,IT Manager - Infra,MA,2134,10/5/86,M ,Married,0,Eligible NonCitizen,Yes,Hispanic,2/15/12,,N/A - still employed,Active,IT/IS,Jennifer Zamora,Diversity Job Fair,Needs Improvement,4.78,3,67,6,2/22/19,0,1
"Dougall, Eric",1101023754,133120,IT Manager - Support,MA,1886,7/9/70,M ,Single,3,US Citizen,No,White,1/5/14,,N/A - still employed,Active,IT/IS,Jennifer Zamora,Professional Society,Exceeds,3.98,5,100,5,1/4/19,0,2
"Clayton, Rick",1301052902,60299.2,IT Support,MA,2170,9/5/85,M ,Single,3,US Citizen,No,White,9/5/12,,N/A - still employed,Active,IT/IS,Eric Dougall,Glassdoor,Fully Meets,5.1,3,64,6,2/27/19,0,4
"Galia, Lisa",1501072093,65312,IT Support,CT,6040,7/6/68,F,Single,4,US Citizen,No,White,5/1/10,,N/A - still employed,Active,IT/IS,Eric Dougall,Vendor Referral,Fully Meets,2.42,4,81,5,2/1/19,0,6
"Lindsay, Leonara ",602000312,54080,IT Support,CT,6070,10/5/88,F,Single,5,US Citizen,Yes,Two or more races,1/21/11,,N/A - still employed,Active,IT/IS,Eric Dougall,Diversity Job Fair,Exceeds,9.28,4,87,5,1/25/19,0,5
"Soto, Julia ",1203032263,57179.2,IT Support,MA,2360,3/12/73,F,Married,5,US Citizen,No,Black or African American,6/10/11,,N/A - still employed,Active,IT/IS,Eric Dougall,Information Session,Fully Meets,8.6,3,64,5,2/8/19,0,1
"Bacong, Alejandro ",1212052023,93600,IT Support,MA,1886,1/7/88,M ,Divorced,4,US Citizen,No,White,1/5/15,,N/A - still employed,Active,IT/IS,Peter Monroe,Glassdoor,Fully Meets,3.68,5,100,6,2/18/19,0,7
"Cisco, Anthony",1102024173,87360,IT Support,MA,2135,11/24/89,M ,Married,1,US Citizen,Yes,White,3/30/15,,N/A - still employed,Active,IT/IS,Peter Monroe,Information Session,Fully Meets,4.42,5,100,7,1/10/19,0,2
"Dolan, Linda",1101023540,76960,IT Support,MA,2119,7/18/88,F,Married,0,US Citizen,No,White,1/5/15,,N/A - still employed,Active,IT/IS,Peter Monroe,Employee Referral,Fully Meets,8.22,4,82,6,2/25/19,0,2
"Gonzalez, Maria",1988299991,81120,IT Support,MA,2472,4/16/81,F,Separated,3,US Citizen,Yes,White,1/5/15,,N/A - still employed,Active,IT/IS,Peter Monroe,Employee Referral,Fully Meets,9.22,4,87,5,1/28/19,0,2
"Merlos, Carlos",1012023013,89440,Network Engineer,MA,2138,6/18/87,M ,Single,4,US Citizen,No,White,3/30/15,,N/A - still employed,Active,IT/IS,Peter Monroe,Vendor Referral,PIP,2.4,3,61,6,2/4/19,0,4
"Morway, Tanya",1001956578,56160,Network Engineer,MA,2048,4/4/79,F,Married,3,US Citizen,No,White,2/16/15,,N/A - still employed,Active,IT/IS,Peter Monroe,Monster.com,Fully Meets,7.62,3,62,6,2/11/19,0,0
"Shepard, Anita ",906014183,97760,Network Engineer,MA,1773,4/14/81,F,Married,5,US Citizen,No,White,9/30/14,,N/A - still employed,Active,IT/IS,Peter Monroe,Vendor Referral,Fully Meets,6.62,3,69,6,1/7/19,0,2
"Tredinnick, Neville ",1104025466,58240,Network Engineer,MA,1420,5/5/88,M ,Married,5,US Citizen,No,White,1/5/15,5/12/15,medical issues,Voluntarily Terminated,IT/IS,Peter Monroe,Monster.com,Fully Meets,10,3,,5,,,2
"Turpin, Jumil",1411071506,102128,Network Engineer,MA,2343,3/31/69,M ,Married,5,Eligible NonCitizen,No,White,3/30/15,,N/A - still employed,Active,IT/IS,Peter Monroe,Employee Referral,Fully Meets,10,4,86,7,1/14/19,0,1
"King, Janet",1001495124,166400,President & CEO,MA,1902,9/21/54,F,Married,1,US Citizen,Yes,White,7/2/12,,N/A - still employed,Active,Executive Office,Board of Directors,Pay Per Click - Google,Fully Meets,9.66,3,68,0,1/17/19,0,0
"Albert, Michael  ",1501072311,113360,Production Manager,MA,2169,10/10/68,M ,Divorced,5,US Citizen,No,White,8/1/11,,N/A - still employed,Active,Production       ,Janet King,Employee Referral,Fully Meets,7.86,3,66,0,2/27/19,0,5
"Bozzi, Charles",1303054580,105040,Production Manager,MA,1901,3/10/70,M ,Single,3,US Citizen,No,Asian,9/30/13,8/7/14,retiring,Voluntarily Terminated,Production       ,Janet King,Billboard,Fully Meets,6.78,3,,0,,,7
"Butler, Webster  L",1110029990,114400,Production Manager,MA,2169,8/9/83,M ,Single,1,US Citizen,No,White,1/28/16,,N/A - still employed,Active,Production       ,Janet King,Pay Per Click - Google,Exceeds,10,3,66,0,2/22/19,0,3
"Dunn, Amy  ",1409070147,106080,Production Manager,MA,1731,11/28/73,F,Single,1,US Citizen,No,White,9/18/14,,N/A - still employed,Active,Production       ,Janet King,Search Engine - Google Bing Yahoo,Fully Meets,9.04,4,87,0,1/15/19,0,6
"Gray, Elijiah  ",1307060077,112320,Production Manager,MA,1752,7/11/81,M ,Divorced,1,US Citizen,No,White,6/2/15,,N/A - still employed,Active,Production       ,Janet King,Employee Referral,Fully Meets,9.26,3,65,0,1/4/19,0,5
"Hogland, Jonathan ",1001944783,100880,Production Manager,MA,1890,7/1/72,M ,Married,2,US Citizen,No,White,1/10/11,12/12/15,attendance,Terminated for Cause,Production       ,Janet King,Employee Referral,Fully Meets,9.56,4,,0,,,1
"Immediato, Walter",1403065874,87360,Production Manager,MA,2128,11/15/76,M ,Married,2,US Citizen,No,Asian,2/21/11,9/24/12,unhappy,Voluntarily Terminated,Production       ,Janet King,Other,Needs Improvement,4.68,2,,0,,,0
"Liebig, Ketsia",1103024679,114400,Production Manager,MA,2110,10/26/81,F,Married,4,US Citizen,No,White,9/30/13,,N/A - still employed,Active,Production       ,Janet King,Website Banner Ads,Exceeds,7.32,3,62,0,1/21/19,0,0
"Miller, Brannon",1107027351,110240,Production Manager,MA,2045,8/10/81,M ,Single,4,US Citizen,yes,Hispanic,8/16/12,,N/A - still employed,Active,Production       ,Janet King,Internet Search,Fully Meets,8.74,3,71,0,1/14/19,0,2
"Peterson, Ebonee  ",1402065355,80080,Production Manager,MA,2030,5/9/77,F,Married,2,US Citizen,No,White,10/25/10,5/18/16,Another position,Voluntarily Terminated,Production       ,Janet King,Internet Search,Fully Meets,8.32,5,,0,,,0
"Spirea, Kelley",1102024149,108160,Production Manager,MA,2451,9/30/75,F,Married,5,US Citizen,No,White,10/2/12,,N/A - still employed,Active,Production       ,Janet King,Vendor Referral,Fully Meets,9.66,5,100,0,2/14/19,0,1
"Stanley, David ",1000974650,110240,Production Manager,MA,1803,12/17/75,M ,Divorced,2,US Citizen,No,White,7/20/10,,N/A - still employed,Active,Production       ,Janet King,Monster.com,Needs Improvement,8.26,2,43,0,1/14/19,0,2
"Sullivan, Kissy ",1405067298,114400,Production Manager,MA,1776,3/28/78,F,Married,1,US Citizen,No,Black or African American,1/8/09,,N/A - still employed,Active,Production       ,Janet King,Billboard,Fully Meets,7.46,4,89,0,1/24/19,0,2
"Wallace, Courtney  E",1410071026,69680,Production Manager,MA,2478,11/14/55,F,Married,3,US Citizen,No,Black or African American,9/26/11,1/2/12,Another position,Voluntarily Terminated,Production       ,Janet King,Diversity Job Fair,Fully Meets,2.36,3,,0,,,1
"Anderson, Linda  ",1304055947,23,Production Technician I,MA,1844,5/22/77,F,Single,0,US Citizen,No,White,1/9/12,,N/A - still employed,Active,Production       ,Amy Dunn,MBTA ads,Exceeds,10,5,100,0,1/7/19,0,2
"Bernstein, Sean",1109029366,16,Production Technician I,MA,2072,12/22/70,M ,Single,1,US Citizen,Yes,White,4/2/12,,N/A - still employed,Active,Production       ,Amy Dunn,Word of Mouth,Fully Meets,10,3,68,0,1/14/19,0,5
"Chivukula, Enola",1101023394,21,Production Technician I,MA,1775,8/27/83,F,Single,5,US Citizen,No,White,6/27/11,11/15/15,relocation out of area,Voluntarily Terminated,Production       ,Amy Dunn,Other,Fully Meets,4,4,,0,,,2
"Desimone, Carl ",1501072124,20,Production Technician I,MA,2061,4/19/67,M ,Married,2,US Citizen,No,White,7/7/14,,N/A - still employed,Active,Production       ,Amy Dunn,Professional Society,PIP,2.24,2,49,0,1/31/19,0,0
"Fernandes, Nilson  ",1302053339,18,Production Technician I,MA,2132,10/18/89,M ,Married,4,US Citizen,No,White,5/11/15,,N/A - still employed,Active,Production       ,Amy Dunn,Professional Society,PIP,3.12,5,100,0,1/3/19,0,2
"Girifalco, Evelyn",1204032927,16,Production Technician I,MA,2451,5/8/80,F,Single,1,US Citizen,Yes,Two or more races,9/29/14,,N/A - still employed,Active,Production       ,Amy Dunn,Professional Society,Exceeds,6.78,4,82,0,2/7/19,0,6
"Harrison, Kara",1404066622,20,Production Technician I,MA,1886,5/2/74,F,Married,3,US Citizen,No,White,5/12/14,,N/A - still employed,Active,Production       ,Amy Dunn,Monster.com,Exceeds,9.52,4,84,0,2/15/19,0,2
"Kirill, Alexandra  ",903013071,24,Production Technician I,MA,2127,10/8/70,F,Married,0,US Citizen,No,White,9/26/11,1/9/12,more money,Voluntarily Terminated,Production       ,Amy Dunn,Search Engine - Google Bing Yahoo,Fully Meets,6.98,4,,0,,,2
"MacLennan, Samuel",1201031032,15,Production Technician I,MA,1938,11/9/72,M ,Widowed,2,US Citizen,No,White,9/24/12,9/26/12,hours,Voluntarily Terminated,Production       ,Amy Dunn,Pay Per Click,Fully Meets,6.16,4,,0,,,6
"Ndzi, Horia",1204033044,22,Production Technician I,MA,2421,3/28/83,M ,Married,3,US Citizen,No,White,4/1/13,5/25/16,more money,Voluntarily Terminated,Production       ,Amy Dunn,Employee Referral,Fully Meets,6.36,3,,0,,,0
"Perry, Shakira",1109029186,22,Production Technician I,MA,2176,7/20/86,F,Single,3,US Citizen,No,White,5/16/11,10/25/15,medical issues,Voluntarily Terminated,Production       ,Amy Dunn,MBTA ads,Fully Meets,6.9,4,,0,,,5
"Robinson, Alain  ",1206038000,24,Production Technician I,MA,1420,1/7/74,M ,Married,4,US Citizen,No,Black or African American,1/10/11,1/26/16,attendance,Voluntarily Terminated,Production       ,Amy Dunn,Glassdoor,Fully Meets,10,3,,0,,,2
"Shields, Seffi",1205033102,15,Production Technician I,MA,2149,8/24/85,F,Married,2,US Citizen,No,White,8/19/13,,N/A - still employed,Active,Production       ,Amy Dunn,Newspager/Magazine,Fully Meets,9.62,4,85,0,2/15/19,0,2
"Theamstern, Sophia",1404066739,20,Production Technician I,MA,2066,5/9/65,F,Single,1,US Citizen,No,White,7/5/11,9/5/11,return to school,Voluntarily Terminated,Production       ,Amy Dunn,Billboard,Fully Meets,7.96,4,,0,,,5
"Wilber, Barry",1101023839,21,Production Technician I,MA,2324,9/9/65,M ,Married,3,Eligible NonCitizen,No,White,5/16/11,9/7/15,unhappy,Voluntarily Terminated,Production       ,Amy Dunn,Website Banner Ads,Fully Meets,10,3,,0,,,1
"Bachiochi, Linda",1212051409,22,Production Technician I,MA,1902,2/11/70,F,Single,4,US Citizen,No,Two or more races,7/6/09,,N/A - still employed,Leave of Absence,Production       ,Brannon Miller,Diversity Job Fair,Fully Meets,8.92,3,66,0,1/25/19,0,6
"Billis, Helen",1308060366,16,Production Technician I,MA,2031,9/1/89,F,Married,5,US Citizen,No,White,7/7/14,,N/A - still employed,Active,Production       ,Brannon Miller,Professional Society,Exceeds,10,3,68,0,2/27/19,0,0
"Clukey, Elijian",1407069280,24.75,Production Technician I,MA,2134,8/26/80,M ,Married,1,US Citizen,No,White,7/6/16,,N/A - Has not started yet,Future Start,Production       ,Brannon Miller,Employee Referral,Exceeds,3.94,4,91,0,2/28/19,0,1
"DiNocco, Lily ",1209048696,22,Production Technician I,MA,2351,12/2/78,F,Married,3,US Citizen,No,Black or African American,1/7/13,,N/A - still employed,Active,Production       ,Brannon Miller,Pay Per Click - Google,Needs Improvement,7.76,4,82,0,1/18/19,0,2
"Fidelia,  Libby",1006020020,24,Production Technician I,MA,2155,3/16/81,F,Married,0,US Citizen,No,White,1/9/12,,N/A - still employed,Active,Production       ,Brannon Miller,Social Networks - Facebook Twitter etc,Fully Meets,10,5,100,0,1/29/19,0,1
"Gonzalez, Cayo",1411071212,16,Production Technician I,MA,2108,9/29/69,M ,Divorced,3,US Citizen,No,American Indian or Alaska Native,7/11/11,,N/A - still employed,Active,Production       ,Brannon Miller,Diversity Job Fair,Exceeds,3.66,4,84,0,2/18/19,0,7
"Ivey, Rose ",1408069882,16,Production Technician I,MA,1775,1/28/91,F,Single,2,US Citizen,No,White,8/19/13,,N/A - still employed,Active,Production       ,Brannon Miller,Professional Society,Fully Meets,7.98,3,71,0,1/14/19,0,3
"Kretschmer, John",1311062610,21,Production Technician I,MA,1801,2/2/80,M ,Married,2,US Citizen,No,Asian,1/10/11,,N/A - still employed,Active,Production       ,Brannon Miller,Pay Per Click - Google,Fully Meets,6.76,3,64,0,1/21/19,0,1
"Mangal, Debbie",1308060754,23,Production Technician I,MA,2451,11/7/74,F,Married,5,US Citizen,No,White,11/11/13,,N/A - still employed,Active,Production       ,Brannon Miller,On-campus Recruiting,Fully Meets,2.08,3,69,0,1/22/19,0,0
"Ngodup, Shari ",1403066020,15,Production Technician I,MA,1810,6/3/67,F,Separated,0,US Citizen,No,Asian,4/1/13,,N/A - still employed,Active,Production       ,Brannon Miller,Diversity Job Fair,Exceeds,2.24,3,63,0,2/13/19,0,0
"Pham, Hong",1305057440,18,Production Technician I,MA,2451,3/6/88,M ,Married,2,US Citizen,No,White,7/5/11,11/30/12,more money,Voluntarily Terminated,Production       ,Brannon Miller,Search Engine - Google Bing Yahoo,Fully Meets,10,3,,0,,,2
"Robinson, Elias",1011022887,17,Production Technician I,MA,1730,1/28/85,M ,Widowed,2,US Citizen,No,White,7/8/13,,N/A - still employed,Active,Production       ,Brannon Miller,Employee Referral,Exceeds,6.04,5,100,0,2/11/19,0,7
"Sparks, Taylor  ",1410071137,16,Production Technician I,MA,2093,7/20/68,F,Married,5,US Citizen,No,White,2/20/12,,N/A - still employed,Active,Production       ,Brannon Miller,Billboard,PIP,8.22,2,42,0,2/25/19,0,2
"Tippett, Jeanette",1409070255,24,Production Technician I,MA,2093,6/5/67,F,Divorced,4,US Citizen,No,Black or African American,2/18/13,,N/A - still employed,Active,Production       ,Brannon Miller,Billboard,Fully Meets,8.42,5,100,0,1/14/19,0,3
"Ybarra, Catherine ",1001268402,22,Production Technician I,MA,2458,5/4/82,F,Single,2,US Citizen,No,Asian,9/2/08,9/29/15,Another position,Voluntarily Terminated,Production       ,Brannon Miller,Search Engine - Google Bing Yahoo,PIP,8.58,2,,0,,,4
"Baczenski, Rachael  ",1307060083,17,Production Technician I,MA,1902,1/12/74,F,Married,4,US Citizen,Yes,Hispanic,1/10/11,1/12/11,Another position,Voluntarily Terminated,Production       ,David Stanley,Diversity Job Fair,Fully Meets,3.58,4,,0,,,2
"Brill, Donna",1406068293,20,Production Technician I,MA,1701,8/24/90,F,Married,1,US Citizen,No,White,4/2/12,6/15/13,Another position,Voluntarily Terminated,Production       ,David Stanley,Search Engine - Google Bing Yahoo,Fully Meets,6.7,4,,0,,,1
"Cockel, James",1599991009,15,Production Technician I,MA,2452,9/8/77,M ,Single,3,US Citizen,No,White,7/8/13,,N/A - still employed,Active,Production       ,David Stanley,Employee Referral,Fully Meets,3.02,5,100,0,1/14/19,0,6
"Dobrin, Denisa  S",1202031618,16.75,Production Technician I,MA,2125,10/7/86,F,Single,4,US Citizen,Yes,White,4/2/12,,N/A - still employed,Active,Production       ,David Stanley,Monster.com,Fully Meets,5.58,5,100,0,2/19/19,0,3
"Garcia, Raul",1309061015,19,Production Technician I,MA,1905,9/15/85,M ,Single,5,US Citizen,Yes,White,3/30/15,,N/A - still employed,Active,Production       ,David Stanley,Employee Referral,Fully Meets,9,3,68,0,2/18/19,0,5
"Gordon, David",1106026579,15,Production Technician I,MA,2169,5/21/79,M ,Married,1,US Citizen,No,White,7/2/12,,N/A - still employed,Active,Production       ,David Stanley,MBTA ads,Fully Meets,10,3,71,0,1/14/19,0,2
"Jackson, Maryellen",1201031438,20,Production Technician I,MA,2081,9/11/72,F,Single,4,US Citizen,No,White,11/5/12,,N/A - still employed,Active,Production       ,David Stanley,Newspager/Magazine,Fully Meets,4.64,3,66,0,1/17/19,0,2
"Langton, Enrico",1304055987,17,Production Technician I,MA,2048,12/9/86,M ,Married,5,US Citizen,No,White,7/9/12,,N/A - still employed,Active,Production       ,David Stanley,Newspager/Magazine,Fully Meets,10,5,100,0,2/4/19,0,2
"Maurice, Shana",1401064327,20,Production Technician I,MA,2330,11/22/77,F,Married,5,US Citizen,No,White,5/31/11,,N/A - still employed,Active,Production       ,David Stanley,Other,Fully Meets,10,4,86,0,1/10/19,0,0
"Nguyen, Lei-Ming",1203032357,19,Production Technician I,MA,2132,7/7/84,F,Single,3,US Citizen,No,White,7/8/13,,N/A - still employed,Active,Production       ,David Stanley,Vendor Referral,Fully Meets,5.58,5,100,0,1/2/19,0,7
"Pitt, Brad ",1001735072,17,Production Technician I,MA,2451,11/23/81,M ,Single,3,US Citizen,No,Black or African American,11/5/07,,N/A - still employed,Active,Production       ,David Stanley,Search Engine - Google Bing Yahoo,Fully Meets,7.32,3,62,0,2/25/19,0,2
"Rose, Ashley  ",710007555,17,Production Technician I,MA,1886,12/5/74,F,Separated,4,US Citizen,No,White,1/6/14,,N/A - still employed,Active,Production       ,David Stanley,Website Banner Ads,Fully Meets,10,4,84,0,1/31/19,0,1
"Squatrito, Kristen",1405067138,21,Production Technician I,MA,2359,3/26/73,F,Divorced,2,US Citizen,No,White,5/13/13,6/29/15,unhappy,Voluntarily Terminated,Production       ,David Stanley,MBTA ads,Exceeds,3.94,4,,0,,,5
"Trang, Mei",1012023152,22,Production Technician I,MA,2021,5/16/83,F,Single,3,US Citizen,No,White,2/17/14,,N/A - still employed,Active,Production       ,David Stanley,Professional Society,Needs Improvement,4.88,5,100,0,2/11/19,0,3
"Zima, Colleen",1211051232,15,Production Technician I,MA,1730,8/17/78,F,Widowed,2,US Citizen,No,Asian,9/29/14,,N/A - still employed,Active,Production       ,David Stanley,On-campus Recruiting,Fully Meets,2.48,5,100,0,1/30/19,0,6
"Alagbe,Trina",1011022883,21,Production Technician I,MA,1886,9/27/88,F,Married,1,US Citizen,No,White,1/7/08,,N/A - still employed,Active,Production       ,Elijiah Gray,Billboard,Fully Meets,9.68,5,100,0,1/3/19,0,2
"Beatrice, Courtney ",1403066194,22,Production Technician I,MA,1915,10/27/70,F,Single,4,Eligible NonCitizen,No,White,4/4/11,,N/A - still employed,Active,Production       ,Elijiah Gray,Search Engine - Google Bing Yahoo,Fully Meets,10,5,100,0,1/14/19,0,7
"Chan, Lin",1305057282,19.5,Production Technician I,MA,2170,2/12/79,F,Single,0,US Citizen,No,White,5/12/14,,N/A - still employed,Active,Production       ,Elijiah Gray,Internet Search,Fully Meets,5.46,4,82,0,2/19/19,0,2
"Darson, Jene'ya ",1001109612,15,Production Technician I,MA,2110,11/5/78,F,Married,1,US Citizen,No,White,7/2/12,,N/A - still employed,Active,Production       ,Elijiah Gray,Billboard,Fully Meets,10,3,65,0,2/25/19,0,1
"Evensen, April",1107027392,18,Production Technician I,MA,2458,5/6/89,F,Single,2,US Citizen,No,White,2/17/14,2/25/14,"no-call, no-show",Terminated for Cause,Production       ,Elijiah Gray,Word of Mouth,Needs Improvement,2.08,3,,0,,,6
"Gerke, Melisa",1308060622,22,Production Technician I,MA,2330,5/15/70,F,Divorced,0,US Citizen,No,White,11/7/11,11/15/11,hours,Voluntarily Terminated,Production       ,Elijiah Gray,Diversity Job Fair,Fully Meets,8.48,4,,0,,,2
"Harrell, Ludwick",1406068241,21,Production Technician I,MA,1776,9/2/82,M ,Married,3,US Citizen,No,Asian,5/14/12,,N/A - still employed,Active,Production       ,Elijiah Gray,Search Engine - Google Bing Yahoo,Fully Meets,3.66,3,63,0,2/22/19,0,0
"Jung, Judy  ",1107027450,21,Production Technician I,MA,2446,4/17/86,F,Married,5,US Citizen,No,White,1/10/11,4/1/16,unhappy,Voluntarily Terminated,Production       ,Elijiah Gray,Monster.com,Fully Meets,8,4,,0,,,0
"Lydon, Allison",1101023353,20,Production Technician I,MA,2122,10/22/75,F,Married,2,US Citizen,No,Black or African American,2/16/15,,N/A - still employed,Leave of Absence,Production       ,Elijiah Gray,Website Banner Ads,Fully Meets,10,3,62,0,1/23/19,0,2
"Motlagh,  Dawn",1102024121,15,Production Technician I,MA,2453,7/7/84,F,Divorced,5,US Citizen,No,White,4/1/13,,N/A - still employed,Active,Production       ,Elijiah Gray,MBTA ads,Fully Meets,3.52,4,90,0,1/17/19,0,7
"Panjwani, Nina",1109029531,18,Production Technician I,MA,2351,5/1/79,F,Married,0,US Citizen,No,White,2/7/11,1/12/14,Another position,Voluntarily Terminated,Production       ,Elijiah Gray,Social Networks - Facebook Twitter etc,Fully Meets,7.78,4,,0,,,0
"Rhoads, Thomas",1211050793,20,Production Technician I,MA,2176,7/22/82,M ,Divorced,4,US Citizen,Yes,White,5/16/11,1/15/16,retiring,Voluntarily Terminated,Production       ,Elijiah Gray,Professional Society,Fully Meets,10,4,,0,,,7
"Sander, Kamrin",1302053362,21,Production Technician I,MA,2154,7/10/88,F,Married,3,US Citizen,No,Black or African American,9/29/14,,N/A - still employed,Active,Production       ,Elijiah Gray,On-campus Recruiting,Fully Meets,7.02,3,64,0,2/18/19,0,0
"Sutwell, Barbara",1407069061,14,Production Technician I,MA,2718,8/15/68,F,?,3,Eligible NonCitizen,No,Asian,5/14/12,,N/A - still employed,Active,Production       ,Elijiah Gray,Glassdoor,Fully Meets,5.54,5,100,0,1/31/19,0,1
"Wallace, Theresa",1101023619,15,Production Technician I,MA,1887,8/2/80,F,Single,2,US Citizen,No,White,8/13/12,9/1/15,career change,Voluntarily Terminated,Production       ,Elijiah Gray,Monster.com,Needs Improvement,2.54,3,,0,,,2
"Barone, Francesco  A",1101023679,16.76,Production Technician I,MA,1810,7/20/83,M ,Single,4,US Citizen,No,Two or more races,2/20/12,,N/A - still employed,Active,Production       ,Kelley Spirea,Social Networks - Facebook Twitter etc,Fully Meets,2.82,4,90,0,2/14/19,0,3
"Carey, Michael  ",1311063114,20,Production Technician I,MA,1701,2/2/83,M ,Single,5,US Citizen,No,Black or African American,3/31/14,,N/A - still employed,Active,Production       ,Kelley Spirea,MBTA ads,Fully Meets,8.86,3,63,0,2/1/19,0,4
"Cornett, Lisa ",1403066069,15.75,Production Technician I,MA,2189,3/31/77,F,Married,3,US Citizen,Yes,White,1/5/15,,N/A - still employed,Active,Production       ,Kelley Spirea,Billboard,Fully Meets,9.46,5,100,0,2/14/19,0,1
"Engdahl, Jean",1007020403,21.25,Production Technician I,MA,2026,5/31/74,M ,Single,3,US Citizen,No,White,11/10/14,,N/A - still employed,Active,Production       ,Kelley Spirea,MBTA ads,Fully Meets,3.72,5,100,0,2/13/19,0,4
"England, Rex",1101023612,21,Production Technician I,MA,2045,8/25/78,M ,Married,2,US Citizen,No,White,3/31/14,,N/A - still employed,Active,Production       ,Kelley Spirea,Employee Referral,Fully Meets,4.1,3,69,0,1/11/19,0,2
"Gaul, Barbara",1105026041,24,Production Technician I,MA,2121,12/2/83,F,Single,3,US Citizen,Yes,Black or African American,5/16/11,,N/A - still employed,Active,Production       ,Kelley Spirea,MBTA ads,Fully Meets,3.32,4,86,0,2/26/19,0,4
"Gross, Paula",1103024859,14,Production Technician I,MA,2176,5/21/83,F,Divorced,5,US Citizen,No,White,2/21/11,1/11/14,more money,Voluntarily Terminated,Production       ,Kelley Spirea,Monster.com,Fully Meets,10,5,,0,,,2
"Jhaveri, Sneha  ",1412071713,19,Production Technician I,MA,2109,4/13/64,F,Separated,3,US Citizen,No,White,1/6/14,,N/A - still employed,Active,Production       ,Kelley Spirea,On-campus Recruiting,Fully Meets,10,5,100,0,1/21/19,0,0
"LeBel, Jonathan  R",1107027575,15,Production Technician I,MA,2050,10/18/81,M ,Single,0,US Citizen,No,White,2/21/11,8/4/11,attendance,Terminated for Cause,Production       ,Kelley Spirea,Social Networks - Facebook Twitter etc,Fully Meets,10,4,,0,,,0
"Meads, Elizabeth",1409070245,14,Production Technician I,MA,1760,5/30/68,F,Single,0,US Citizen,No,Black or African American,4/2/12,11/11/15,Another position,Voluntarily Terminated,Production       ,Kelley Spirea,Diversity Job Fair,Fully Meets,8.36,4,,0,,,0
"Osturnka, Adeel",1404066949,16,Production Technician I,MA,2478,12/11/76,M ,Married,3,US Citizen,No,White,9/30/13,,N/A - still employed,Active,Production       ,Kelley Spirea,On-campus Recruiting,Exceeds,5.72,3,62,0,2/7/19,0,0
"Punjabhi, Louis  ",1401064562,16,Production Technician I,MA,2109,6/19/61,M ,Single,4,US Citizen,No,White,1/6/14,,N/A - still employed,Active,Production       ,Kelley Spirea,Employee Referral,Fully Meets,4.9,3,61,0,1/7/19,0,5
"Saar-Beckles, Melinda",1410070998,20,Production Technician I,MA,1801,6/6/68,F,Single,2,US Citizen,No,Black or African American,7/4/16,,N/A - Has not started yet,Future Start,Production       ,Kelley Spirea,Diversity Job Fair,Needs Improvement,2.24,4,83,0,2/18/19,0,2
"Stoica, Rick",1106026896,22,Production Technician I,MA,2301,3/14/85,M ,Married,0,US Citizen,No,Asian,2/17/14,,N/A - still employed,Active,Production       ,Kelley Spirea,On-campus Recruiting,Fully Meets,2.78,3,61,0,1/11/19,0,2
"Volk, Colleen",1011022814,21,Production Technician I,MA,2747,6/3/86,F,Married,3,US Citizen,No,White,9/26/11,2/8/16,gross misconduct,Terminated for Cause,Production       ,Kelley Spirea,Social Networks - Facebook Twitter etc,Exceeds,5.58,5,,0,,,1
"Athwal, Sam",1301052124,22,Production Technician I,MA,2199,2/18/83,M ,Widowed,4,US Citizen,No,White,9/30/13,,N/A - still employed,Active,Production       ,Ketsia Liebig,Employee Referral,Fully Meets,10,4,83,0,2/25/19,0,6
"Biden, Lowan  M",1412071844,22,Production Technician I,MA,2027,12/27/58,F,Divorced,1,US Citizen,No,Asian,8/19/13,,N/A - still employed,Active,Production       ,Ketsia Liebig,Billboard,Fully Meets,4.78,3,66,0,1/10/19,0,4
"Cierpiszewski, Caroline  ",1012023295,22,Production Technician I,MA,2044,5/31/88,F,Single,0,Non-Citizen,No,Black or African American,10/3/11,,N/A - still employed,Active,Production       ,Ketsia Liebig,Pay Per Click - Google,Fully Meets,7.16,5,100,0,1/30/19,0,0
"Dickinson, Geoff ",706006285,21,Production Technician I,MA,2180,11/15/82,M ,Single,0,US Citizen,No,White,5/12/14,,N/A - still employed,Active,Production       ,Ketsia Liebig,Pay Per Click - Google,Fully Meets,2.26,4,82,0,2/19/19,0,1
"Ferreira, Violeta",803009012,23,Production Technician I,MA,2176,6/10/86,F,Single,3,US Citizen,No,White,2/20/12,,N/A - still employed,Active,Production       ,Ketsia Liebig,Newspager/Magazine,Fully Meets,3.7,4,89,0,1/7/19,0,6
"Gold, Shenice  ",1408069539,17,Production Technician I,MA,2451,6/18/92,F,Single,0,US Citizen,Yes,White,11/11/13,,N/A - still employed,Active,Production       ,Ketsia Liebig,Glassdoor,Fully Meets,3.88,5,100,0,2/18/19,0,0
"Heitzman, Anthony",1002017900,19,Production Technician I,MA,2149,1/4/84,M ,Single,1,US Citizen,No,White,8/13/12,,N/A - still employed,Active,Production       ,Ketsia Liebig,Social Networks - Facebook Twitter etc,Fully Meets,8.34,4,83,0,2/11/19,0,7
"Knapp, Bradley  J",1304055683,14,Production Technician I,MA,1721,11/10/77,M ,Single,0,US Citizen,No,Black or African American,2/17/14,,N/A - still employed,Active,Production       ,Ketsia Liebig,On-campus Recruiting,Fully Meets,5.58,3,68,0,2/6/19,0,1
"Mahoney, Lauren  ",1209049259,17,Production Technician I,MA,2189,7/7/86,F,Single,5,US Citizen,No,White,1/6/14,,N/A - still employed,Active,Production       ,Ketsia Liebig,Newspager/Magazine,Fully Meets,5.1,4,85,0,2/26/19,0,4
"Newman, Richard ",1302053044,21,Production Technician I,MA,2136,4/8/77,M ,Married,4,US Citizen,No,White,5/12/14,,N/A - still employed,Leave of Absence,Production       ,Ketsia Liebig,On-campus Recruiting,Fully Meets,10,5,100,0,2/18/19,0,1
"Peterson, Kayla ",1307059944,17,Production Technician I,MA,1749,9/23/73,F,Married,1,US Citizen,No,White,4/26/10,,N/A - still employed,Active,Production       ,Ketsia Liebig,Search Engine - Google Bing Yahoo,Fully Meets,5.44,3,65,0,1/21/19,0,2
"Robinson, Cherly",1403065625,16,Production Technician I,MA,1460,1/7/85,F,Married,3,US Citizen,No,White,1/10/11,5/17/16,attendance,Terminated for Cause,Production       ,Ketsia Liebig,Glassdoor,Needs Improvement,7.2,3,,0,,,1
"Smith, Sade",1501071909,24.5,Production Technician I,MA,2130,2/2/65,F,Single,2,US Citizen,No,White,11/11/13,,N/A - still employed,Active,Production       ,Ketsia Liebig,Employee Referral,Fully Meets,7.46,3,62,0,1/24/19,0,6
"Tinto, Theresa  ",1103024504,20,Production Technician I,MA,1876,7/30/83,F,Divorced,1,US Citizen,No,White,1/10/11,5/14/11,Another position,Voluntarily Terminated,Production       ,Ketsia Liebig,Social Networks - Facebook Twitter etc,Fully Meets,5.62,5,,0,,,7
"Williams, Jacquelyn  ",1308060671,16,Production Technician I,MA,2109,10/2/69,F,Single,3,US Citizen,Yes,Two or more races,1/9/12,6/27/15,relocation out of area,Voluntarily Terminated,Production       ,Ketsia Liebig,Diversity Job Fair,Fully Meets,2.88,4,,0,,,4
"Barbara, Thomas",1312063507,22,Production Technician I,MA,2062,2/21/74,M ,Married,2,US Citizen,Yes,Asian,4/2/12,9/19/12,unhappy,Voluntarily Terminated,Production       ,Kissy Sullivan,Diversity Job Fair,Fully Meets,3.96,3,,0,,,1
"Bugali, Josephine ",1408069635,20,Production Technician I,MA,2043,10/30/69,F,Separated,5,US Citizen,No,Black or African American,11/11/13,,N/A - still employed,Leave of Absence,Production       ,Kissy Sullivan,Diversity Job Fair,Fully Meets,5.66,5,100,0,1/21/19,0,1
"Cole, Spencer",1001450968,15,Production Technician I,MA,1880,8/12/79,M ,Single,5,US Citizen,No,Black or African American,7/11/11,9/23/12,performance,Terminated for Cause,Production       ,Kissy Sullivan,MBTA ads,Needs Improvement,2.84,3,,0,,,7
"Eaton, Marianne",1406067865,17,Production Technician I,MA,2343,9/5/91,F,Married,5,US Citizen,No,White,4/4/11,6/6/13,military,Voluntarily Terminated,Production       ,Kissy Sullivan,Search Engine - Google Bing Yahoo,Fully Meets,10,3,,0,,,1
"Garneau, Hamish",1104025414,18,Production Technician I,MA,1550,4/18/80,M ,Single,0,US Citizen,No,Asian,7/8/13,,N/A - still employed,Active,Production       ,Kissy Sullivan,Professional Society,Fully Meets,5.22,4,91,0,1/22/19,0,1
"Goyal, Roxana",1312063675,24,Production Technician I,MA,1864,10/9/74,F,Married,4,US Citizen,No,Asian,8/19/13,,N/A - still employed,Leave of Absence,Production       ,Kissy Sullivan,On-campus Recruiting,Fully Meets,3.42,5,100,0,2/15/19,0,2
"Jacobi, Hannah  ",1503072857,21,Production Technician I,MA,1778,3/22/66,F,Divorced,3,US Citizen,No,White,9/30/13,,N/A - still employed,Active,Production       ,Kissy Sullivan,Employee Referral,Fully Meets,4.1,5,100,0,2/22/19,0,7
"Leach, Dallas",1408069409,19,Production Technician I,MA,1810,1/17/79,F,Single,5,US Citizen,No,Asian,9/26/11,8/19/13,return to school,Voluntarily Terminated,Production       ,Kissy Sullivan,Monster.com,Fully Meets,9.76,3,,0,,,4
"Mckenna, Sandy",909015167,24,Production Technician I,MA,2184,1/7/87,F,Married,5,US Citizen,No,Black or African American,1/7/13,,N/A - still employed,Active,Production       ,Kissy Sullivan,Monster.com,Fully Meets,7.86,3,64,0,1/30/19,0,0
"O'hare, Lynn",1206044851,18.5,Production Technician I,MA,2152,9/30/80,F,Single,5,US Citizen,No,Two or more races,3/31/14,5/1/16,performance,Terminated for Cause,Production       ,Kissy Sullivan,Professional Society,PIP,6.18,2,,0,,,4
"Power, Morissa",1102024274,19,Production Technician I,MA,1742,10/15/84,F,Divorced,4,Eligible NonCitizen,No,Asian,5/16/11,6/4/11,Another position,Voluntarily Terminated,Production       ,Kissy Sullivan,Social Networks - Facebook Twitter etc,Fully Meets,6.34,4,,0,,,7
"Purinton, Janine",1011022926,16,Production Technician I,MA,2474,9/22/70,F,Divorced,0,US Citizen,No,White,9/24/12,6/18/13,unhappy,Voluntarily Terminated,Production       ,Kissy Sullivan,Billboard,Fully Meets,3,5,,0,,,2
"Rossetti, Bruno",1405067492,18,Production Technician I,MA,2155,3/18/87,M ,Single,0,US Citizen,No,White,4/4/11,8/13/12,Another position,Voluntarily Terminated,Production       ,Kissy Sullivan,Search Engine - Google Bing Yahoo,Fully Meets,10,5,,0,,,0
"Stanford,Barbara  M",1111030244,14,Production Technician I,MA,2050,8/25/82,F,Divorced,5,US Citizen,No,Two or more races,1/10/11,,N/A - still employed,Active,Production       ,Kissy Sullivan,Word of Mouth,Fully Meets,2.1,4,89,0,2/7/19,0,6
"Veera, Abdellah ",1203032235,19,Production Technician I,MA,2171,1/31/87,M ,Divorced,5,US Citizen,No,White,8/13/12,2/5/16,maternity leave - did not return,Voluntarily Terminated,Production       ,Kissy Sullivan,Information Session,Exceeds,7.68,5,,0,,,5
"Adinolfi, Wilson  K",1409070522,20,Production Technician I,MA,1960,7/10/83,M ,Single,1,US Citizen,No,White,7/5/11,,N/A - still employed,Active,Production       ,Michael Albert,MBTA ads,Exceeds,5.02,5,100,0,1/17/19,0,7
"Barton, Nader",1212051962,18,Production Technician I,MA,2747,7/15/77,M ,Divorced,4,US Citizen,No,White,9/24/12,4/6/13,Another position,Voluntarily Terminated,Production       ,Michael Albert,On-line Web application,Fully Meets,10,5,,0,,,4
"Chace, Beatrice ",1208048062,16,Production Technician I,MA,2763,1/2/51,F,Single,5,US Citizen,No,White,9/29/14,,N/A - still employed,Active,Production       ,Michael Albert,Search Engine - Google Bing Yahoo,Fully Meets,10,4,87,0,2/12/19,0,3
"Crimmings,   Jean",1311063172,19.75,Production Technician I,MA,1821,4/10/87,F,Single,5,US Citizen,No,White,7/6/16,,N/A - Has not started yet,Future Start,Production       ,Michael Albert,Newspager/Magazine,Fully Meets,8.24,5,100,0,1/28/19,0,4
"Estremera, Miguel",1104025243,17,Production Technician I,MA,2129,9/2/83,M ,Single,1,US Citizen,No,White,4/2/12,9/27/14,attendance,Terminated for Cause,Production       ,Michael Albert,Word of Mouth,Needs Improvement,10,4,,0,,,6
"Gentry, Mildred",1501072192,19,Production Technician I,MA,2145,10/1/90,F,Married,3,US Citizen,No,Black or African American,3/30/15,,N/A - still employed,Active,Production       ,Michael Albert,Professional Society,Fully Meets,7.46,3,63,0,1/16/19,0,2
"Handschiegl, Joanne",1405067064,24,Production Technician I,MA,2127,3/23/77,F,Married,5,US Citizen,No,White,11/28/11,,N/A - still employed,Active,Production       ,Michael Albert,Word of Mouth,Fully Meets,8.4,4,91,0,2/22/19,0,2
"Johnson, George",1105025721,17,Production Technician I,MA,2445,8/19/59,M ,Married,4,US Citizen,No,White,11/7/11,4/29/16,more money,Voluntarily Terminated,Production       ,Michael Albert,Monster.com,Exceeds,3.3,4,,0,,,2
"Keatts, Kramer ",1301052462,19,Production Technician I,MA,1887,1/19/76,M ,Single,2,US Citizen,No,White,9/30/13,,N/A - still employed,Active,Production       ,Michael Albert,Billboard,Fully Meets,6.14,4,87,0,1/23/19,0,3
"Linares, Marilyn ",1206042315,15.25,Production Technician I,MA,1886,3/26/81,F,Married,1,US Citizen,No,White,7/5/11,9/26/11,unhappy,Voluntarily Terminated,Production       ,Michael Albert,Internet Search,Fully Meets,6.36,4,,0,,,2
"Medeiros, Jennifer",1109029256,20,Production Technician I,MA,2346,9/22/76,F,Single,3,US Citizen,No,White,3/30/15,,N/A - still employed,Active,Production       ,Michael Albert,Monster.com,Fully Meets,10,4,91,0,1/21/19,0,5
"Owad, Clinton",1103024335,22,Production Technician I,MA,1760,11/24/79,M ,Single,?,US Citizen,No,Black or African American,2/17/14,,N/A - still employed,Active,Production       ,Michael Albert,MBTA ads,Needs Improvement,8.5,3,66,0,2/4/19,0,5
"Rarrick, Quinn",1208048229,21,Production Technician I,MA,2478,12/31/84,M ,Divorced,2,US Citizen,No,White,9/26/11,4/7/12,more money,Voluntarily Terminated,Production       ,Michael Albert,Pay Per Click - Google,Fully Meets,7.6,5,,0,,,4
"Sadki, Nore  ",1308060535,21,Production Technician I,MA,2148,12/21/74,M ,Single,3,US Citizen,No,White,1/5/09,7/30/10,relocation out of area,Voluntarily Terminated,Production       ,Michael Albert,Word of Mouth,Fully Meets,3.06,5,,0,,,7
"Sullivan, Timothy",1201031310,19,Production Technician I,MA,2747,10/7/82,M ,Married,0,US Citizen,Yes,White,1/5/15,,N/A - still employed,Active,Production       ,Michael Albert,Word of Mouth,Fully Meets,8.72,5,100,0,1/24/19,0,1
"Von Massenbach, Anna",1106026474,20,Production Technician I,MA,2124,4/6/85,F,Single,5,US Citizen,No,White,7/5/15,,N/A - Has not started yet,Future Start,Production       ,Michael Albert,Newspager/Magazine,Fully Meets,6.42,3,70,0,1/29/19,0,2
"Anderson, Carol ",1001417624,16,Production Technician I,MA,2169,9/8/89,F,Divorced,4,US Citizen,No,White,7/11/11,9/6/11,return to school,Voluntarily Terminated,Production       ,Webster Butler,Word of Mouth,Fully Meets,10,4,,0,,,6
"Becker, Scott",1110029777,17,Production Technician I,MA,2452,4/6/79,M ,Single,5,US Citizen,No,Asian,7/8/13,,N/A - still employed,Leave of Absence,Production       ,Webster Butler,MBTA ads,Fully Meets,2.18,4,88,0,1/11/19,0,6
"Chang, Donovan  E",1111030129,22,Production Technician I,MA,1845,8/24/83,M ,Single,4,US Citizen,No,White,7/8/13,,N/A - still employed,Active,Production       ,Webster Butler,Newspager/Magazine,Fully Meets,7.6,5,100,0,1/14/19,0,5
"DeGweck,  James",1306058816,23.5,Production Technician I,MA,1810,10/31/77,M ,Married,1,US Citizen,No,White,5/16/11,6/8/15,unhappy,Voluntarily Terminated,Production       ,Webster Butler,Billboard,Fully Meets,10,4,,0,,,2
"Ferguson, Susan",1502072511,20,Production Technician I,MA,2176,4/14/55,F,Married,2,US Citizen,No,White,11/7/11,5/17/14,military,Voluntarily Terminated,Production       ,Webster Butler,Search Engine - Google Bing Yahoo,Fully Meets,6.26,3,,0,,,2
"Gilles, Alex",1008020960,15,Production Technician I,MA,2062,8/9/74,M ,Married,0,US Citizen,No,Black or African American,4/2/12,6/25/15,military,Voluntarily Terminated,Production       ,Webster Butler,Diversity Job Fair,Needs Improvement,7.94,4,,0,,,2
"Harrington, Christie ",1110029602,19.75,Production Technician I,MA,2324,8/18/52,F,Single,1,US Citizen,No,White,1/9/12,12/15/15,retiring,Voluntarily Terminated,Production       ,Webster Butler,Monster.com,Fully Meets,9.28,4,,0,,,7
"Kinsella, Kathleen  ",710007401,22,Production Technician I,MA,2170,12/8/73,F,Married,?,US Citizen,No,White,9/26/11,6/4/15,more money,Voluntarily Terminated,Production       ,Webster Butler,Search Engine - Google Bing Yahoo,Fully Meets,7.2,5,,0,,,2
"Lynch, Lindsay",1001138521,19,Production Technician I,MA,1844,2/14/73,F,Single,3,US Citizen,Yes,Two or more races,11/7/11,11/14/15,Another position,Voluntarily Terminated,Production       ,Webster Butler,Diversity Job Fair,Exceeds,10,4,,0,,,5
"Ndzi, Colombui",1204033041,18,Production Technician I,MA,2110,5/2/89,M ,Single,1,US Citizen,No,Black or African American,9/26/11,4/4/14,return to school,Voluntarily Terminated,Production       ,Webster Butler,Diversity Job Fair,Fully Meets,5.22,3,,0,,,7
"Pelech, Emil",1307060058,24,Production Technician I,MA,2458,3/17/88,M ,Single,1,US Citizen,No,Black or African American,1/10/11,12/28/12,career change,Voluntarily Terminated,Production       ,Webster Butler,Search Engine - Google Bing Yahoo,Needs Improvement,7.08,5,,0,,,5
"Rivera, Haley  ",1405067642,22,Production Technician I,MA,2171,1/12/73,F,Married,0,US Citizen,No,Asian,11/28/11,,N/A - still employed,Active,Production       ,Webster Butler,Search Engine - Google Bing Yahoo,Exceeds,8.72,5,100,0,2/11/19,0,2
"Sewkumar, Nori",807010161,15.2,Production Technician I,MA,2191,3/10/75,F,Single,0,US Citizen,No,Asian,9/30/13,,N/A - still employed,Leave of Absence,Production       ,Webster Butler,Search Engine - Google Bing Yahoo,Fully Meets,10,5,100,0,2/21/19,0,2
"Tavares, Desiree  ",1405067501,15,Production Technician I,MA,1801,4/3/75,F,Married,1,Non-Citizen,No,Two or more races,4/27/09,4/1/13,Another position,Voluntarily Terminated,Production       ,Webster Butler,Diversity Job Fair,Fully Meets,5.04,5,,0,,,1
"Whittier, Scott",1307060212,23,Production Technician I,MA,2030,5/24/87,M ,Single,3,US Citizen,Yes,White,1/10/11,5/15/11,hours,Voluntarily Terminated,Production       ,Webster Butler,Newspager/Magazine,Fully Meets,10,5,,0,,,5
"Burke, Joelle",1011022820,25,Production Technician II,MA,2148,3/2/80,F,Single,5,US Citizen,No,Black or African American,3/5/12,,N/A - still employed,Active,Production       ,Amy Dunn,Employee Referral,Fully Meets,9.02,4,91,0,2/21/19,0,6
"Fitzpatrick, Michael  J",1109029103,29,Production Technician II,MA,2143,10/1/81,M ,Single,5,US Citizen,Yes,White,5/16/11,6/24/13,hours,Voluntarily Terminated,Production       ,Amy Dunn,Social Networks - Facebook Twitter etc,Fully Meets,9.52,5,,0,,,2
"Huynh, Ming",1306058509,23,Production Technician II,MA,1742,9/22/76,F,Divorced,2,US Citizen,No,White,2/21/11,4/1/13,unhappy,Voluntarily Terminated,Production       ,Amy Dunn,Search Engine - Google Bing Yahoo,Fully Meets,7.44,3,,0,,,7
"Mancuso, Karen",1304055986,23,Production Technician II,MA,2176,12/10/86,F,Married,5,US Citizen,No,Two or more races,7/5/11,8/19/11,Another position,Voluntarily Terminated,Production       ,Amy Dunn,Newspager/Magazine,Fully Meets,10,4,,0,,,0
"Pelletier, Ermine",1202031821,28,Production Technician II,MA,2472,7/18/89,F,Married,0,US Citizen,No,Asian,7/5/11,9/15/11,unhappy,Voluntarily Terminated,Production       ,Amy Dunn,Monster.com,Needs Improvement,2.06,5,,0,,,0
"Trzeciak, Cybil",1107027551,22,Production Technician II,MA,1778,3/15/85,F,Single,3,US Citizen,No,White,1/10/11,7/2/12,unhappy,Voluntarily Terminated,Production       ,Amy Dunn,Vendor Referral,Fully Meets,2.6,3,,0,,,2
"Cloninger, Jennifer",1012023226,25,Production Technician II,MA,1752,8/31/81,F,Married,2,US Citizen,No,White,5/16/11,1/7/13,unhappy,Voluntarily Terminated,Production       ,Brannon Miller,Word of Mouth,Fully Meets,2.32,5,,0,,,0
"Gonzalez, Juan",1411071324,29,Production Technician II,MA,2128,10/12/64,M ,Married,5,US Citizen,No,Black or African American,4/26/10,5/30/11,career change,Voluntarily Terminated,Production       ,Brannon Miller,Diversity Job Fair,PIP,8.7,3,,0,,,2
"Johnston, Yen",1306057810,25,Production Technician II,MA,2128,9/8/69,F,Single,0,US Citizen,No,White,7/7/14,,N/A - still employed,Active,Production       ,Brannon Miller,Professional Society,Exceeds,3.02,3,61,0,1/11/19,0,2
"Miller, Ned",1205033439,25,Production Technician II,MA,2472,6/29/85,M ,Single,4,US Citizen,No,White,8/15/11,9/4/14,unhappy,Voluntarily Terminated,Production       ,Brannon Miller,MBTA ads,PIP,10,2,,0,,,5
"Petingill, Shana  ",1103024843,26,Production Technician II,MA,2050,3/10/79,F,Married,3,Eligible NonCitizen,No,Asian,4/2/12,,N/A - still employed,Active,Production       ,Brannon Miller,MBTA ads,Fully Meets,5.22,3,63,0,1/14/19,0,1
"Winthrop, Jordan  ",1405067188,29,Production Technician II,MA,2045,11/7/58,M ,Single,1,US Citizen,No,White,1/7/13,2/21/16,retiring,Voluntarily Terminated,Production       ,Brannon Miller,Professional Society,Exceeds,3.34,3,,0,,,3
"Close, Phil",1209048697,26,Production Technician II,MA,2169,11/25/78,M ,Married,1,US Citizen,No,White,8/30/10,9/26/11,career change,Voluntarily Terminated,Production       ,David Stanley,Other,Fully Meets,2.6,4,,0,,,1
"Good, Susan",1001549006,24.25,Production Technician II,MA,1886,5/25/86,F,Married,?,US Citizen,No,White,5/12/14,,N/A - still employed,Leave of Absence,Production       ,David Stanley,Professional Society,Fully Meets,4.08,3,68,0,2/7/19,0,0
"Langford, Lindsey",1010022030,22,Production Technician II,MA,2090,7/25/79,F,Divorced,1,US Citizen,No,Asian,1/7/13,3/31/14,Another position,Voluntarily Terminated,Production       ,David Stanley,Glassdoor,Fully Meets,9.04,3,,0,,,5
"Monkfish, Erasumus",1404066711,27,Production Technician II,MA,1450,8/17/92,M ,Married,1,US Citizen,No,White,11/7/11,,N/A - still employed,Active,Production       ,David Stanley,Professional Society,Fully Meets,5.34,3,63,0,1/8/19,0,0
"Roberson, May",1402065340,26,Production Technician II,MA,1902,9/5/81,F,Divorced,5,Eligible NonCitizen,No,White,9/26/11,10/22/11,return to school,Voluntarily Terminated,Production       ,David Stanley,Search Engine - Google Bing Yahoo,Fully Meets,4.38,4,,0,,,7
"Wolk, Hang  T",1205033180,22,Production Technician II,MA,2302,4/20/85,F,Single,3,US Citizen,No,White,9/29/14,,N/A - still employed,Active,Production       ,David Stanley,Newspager/Magazine,Fully Meets,6.8,4,84,0,2/21/19,0,7
"Bondwell, Betsy",1008021030,26,Production Technician II,MA,2210,1/16/67,F,Single,1,US Citizen,No,White,1/10/11,4/4/14,career change,Voluntarily Terminated,Production       ,Elijiah Gray,Search Engine - Google Bing Yahoo,Fully Meets,2.76,5,,0,,,5
"Faller, Megan ",1108028428,27,Production Technician II,MA,1824,9/22/78,F,Married,1,US Citizen,No,Black or African American,7/7/14,,N/A - still employed,Active,Production       ,Elijiah Gray,Professional Society,Fully Meets,2.98,5,100,0,2/22/19,0,0
"Hunts, Julissa",1106026433,25,Production Technician II,MA,2021,3/11/84,F,Single,1,US Citizen,No,White,6/6/16,,N/A - Has not started yet,Future Start,Production       ,Elijiah Gray,Vendor Referral,Fully Meets,5.84,5,100,0,1/18/19,0,3
"Lunquist, Lisa",1001504432,26.1,Production Technician II,MA,2324,3/28/82,F,Single,1,US Citizen,No,Black or African American,8/19/13,,N/A - still employed,Active,Production       ,Elijiah Gray,Glassdoor,Exceeds,3.28,4,91,0,2/12/19,0,5
"Nowlan, Kristie",1104025435,26.39,Production Technician II,MA,1040,11/23/85,F,Single,4,US Citizen,No,White,11/10/14,,N/A - still employed,Active,Production       ,Elijiah Gray,Glassdoor,Fully Meets,9.06,5,100,0,1/16/19,0,4
"Smith, Joe",1001970770,22,Production Technician II,MA,2045,10/30/63,M ,Single,?,US Citizen,No,White,9/29/14,,N/A - still employed,Active,Production       ,Elijiah Gray,Pay Per Click - Google,Exceeds,4.82,3,62,0,1/28/19,0,4
"Tejeda, Lenora ",1406068345,28.75,Production Technician II,MA,2129,5/24/53,F,Married,3,US Citizen,No,White,5/16/11,7/8/12,Another position,Voluntarily Terminated,Production       ,Elijiah Gray,Search Engine - Google Bing Yahoo,Fully Meets,7.86,3,,0,,,0
"Beak, Kimberly  ",1303054329,27,Production Technician II,MA,2145,4/17/66,F,?,3,US Citizen,No,White,7/21/16,,N/A - Has not started yet,Future Start,Production       ,Kelley Spirea,Employee Referral,Exceeds,5.4,3,62,0,1/14/19,0,0
"Demita, Carla",1104025179,29,Production Technician II,MA,2343,2/25/51,F,Separated,0,US Citizen,No,Black or African American,4/4/11,11/4/15,more money,Voluntarily Terminated,Production       ,Kelley Spirea,Search Engine - Google Bing Yahoo,Fully Meets,9.24,5,,0,,,2
"Hankard, Earnest",1307059937,24,Production Technician II,MA,2155,8/10/88,M ,Single,5,US Citizen,Yes,White,11/11/13,,N/A - still employed,Active,Production       ,Kelley Spirea,Newspager/Magazine,Fully Meets,10,3,68,0,1/8/19,0,3
"Hendrickson, Trina",1011022932,24,Production Technician II,MA,2021,8/27/72,F,Single,0,US Citizen,No,White,1/10/11,2/18/13,hours,Voluntarily Terminated,Production       ,Kelley Spirea,Monster.com,Fully Meets,10,3,,0,,,1
"Linden, Mathew",1405067565,22,Production Technician II,MA,1770,3/19/79,M ,Married,5,US Citizen,No,White,7/8/13,,N/A - still employed,Leave of Absence,Production       ,Kelley Spirea,Information Session,Fully Meets,8,3,67,0,2/18/19,0,2
"Moran, Patrick",1408069503,26,Production Technician II,MA,2127,12/3/76,M ,Single,1,US Citizen,No,Hispanic,1/9/12,,N/A - still employed,Leave of Absence,Production       ,Kelley Spirea,Diversity Job Fair,Fully Meets,5,4,88,0,1/31/19,0,2
"Sahoo, Adil",1106026462,29,Production Technician II,MA,2062,4/26/86,M ,Married,4,US Citizen,No,White,8/30/10,,N/A - still employed,Active,Production       ,Kelley Spirea,Monster.com,Fully Meets,4.16,3,70,0,1/10/19,0,0
"Burkett, Benjamin ",1301052449,26,Production Technician II,MA,1890,8/19/77,M ,Married,2,US Citizen,No,White,4/4/11,,N/A - still employed,Active,Production       ,Ketsia Liebig,Careerbuilder,Fully Meets,6.5,5,100,0,1/14/19,0,0
"Foreman, Tanya",1012023204,24,Production Technician II,MA,2170,11/8/83,F,Married,1,US Citizen,No,White,4/4/11,1/9/12,career change,Voluntarily Terminated,Production       ,Ketsia Liebig,Word of Mouth,Fully Meets,7.32,3,,0,,,1
"Jeannite, Tayana",1008020942,22.5,Production Technician II,MA,1821,11/6/86,F,Divorced,5,US Citizen,No,American Indian or Alaska Native,7/5/11,,N/A - still employed,Active,Production       ,Ketsia Liebig,MBTA ads,Exceeds,9.2,4,90,0,2/25/19,0,4
"McCarthy, Brigit",1406067957,26,Production Technician II,MA,2149,5/21/87,F,Single,1,US Citizen,No,White,3/30/15,,N/A - still employed,Active,Production       ,Ketsia Liebig,Newspager/Magazine,Fully Meets,10,5,100,0,2/7/19,0,6
"Peters, Lauren",1411071406,29,Production Technician II,MA,1886,8/17/86,F,Married,3,US Citizen,No,White,5/16/11,2/4/12,more money,Voluntarily Terminated,Production       ,Ketsia Liebig,Pay Per Click - Google,Exceeds,3.58,5,,0,,,1
"Walker, Roger",1011022818,22,Production Technician II,MA,2459,2/10/76,M ,Single,1,US Citizen,No,Black or African American,8/18/14,,N/A - still employed,Active,Production       ,Ketsia Liebig,Employee Referral,Fully Meets,6.22,5,100,0,2/12/19,0,3
"Akinkuolie, Sarah",1005019209,29,Production Technician II,MA,1810,9/19/88,F,Married,5,US Citizen,No,White,7/5/11,9/24/12,hours,Voluntarily Terminated,Production       ,Kissy Sullivan,Newspager/Magazine,Fully Meets,6.04,3,,0,,,1
"Davis, Daniel",1201031274,25,Production Technician II,MA,2458,9/14/79,M ,Single,2,Eligible NonCitizen,No,Two or more races,11/7/11,,N/A - still employed,Active,Production       ,Kissy Sullivan,Newspager/Magazine,Fully Meets,7.92,4,89,0,2/27/19,0,7
"Gosciminski, Phylicia  ",1108028351,27,Production Technician II,MA,1824,12/8/83,F,Separated,3,US Citizen,No,American Indian or Alaska Native,9/30/13,,N/A - still employed,Leave of Absence,Production       ,Kissy Sullivan,Word of Mouth,Fully Meets,5.14,5,100,0,2/21/19,0,0
"Latif, Mohammed",1104025486,28,Production Technician II,MA,2126,5/9/84,M ,Married,1,US Citizen,No,White,4/2/12,4/15/13,more money,Voluntarily Terminated,Production       ,Kissy Sullivan,Word of Mouth,Fully Meets,3.68,3,,0,,,0
"Monterro, Luisa",1001103149,25,Production Technician II,MA,2126,4/24/70,F,Single,1,US Citizen,No,Black or African American,5/13/13,,N/A - still employed,Active,Production       ,Kissy Sullivan,Billboard,Exceeds,5.1,3,67,0,1/14/19,0,3
"Robertson, Peter",1499902991,22,Production Technician II,MA,2138,7/3/72,M ,Married,5,US Citizen,No,White,7/5/11,2/8/12,Another position,Voluntarily Terminated,Production       ,Kissy Sullivan,Glassdoor,Fully Meets,4.96,5,,0,,,0
"Woodson, Jason",1012023010,24.25,Production Technician II,MA,1810,5/11/85,M ,Single,?,US Citizen,No,White,7/7/14,,N/A - still employed,Active,Production       ,Kissy Sullivan,Vendor Referral,Fully Meets,8.14,4,82,0,2/28/19,0,4
"Blount, Dianna",1403066125,27,Production Technician II,MA,2171,9/21/90,F,Single,5,US Citizen,No,White,4/4/11,,N/A - still employed,Active,Production       ,Michael Albert,Monster.com,Needs Improvement,2.32,3,69,0,2/27/19,0,4
"Erilus, Angela",1105025661,24,Production Technician II,MA,2133,8/25/89,F,Separated,5,US Citizen,No,White,7/7/14,,N/A - still employed,Active,Production       ,Michael Albert,Pay Per Click - Google,PIP,9.18,1,26,0,2/25/19,0,2
"Homberger, Adrienne  J",1207046956,28,Production Technician II,MA,2445,2/16/84,F,Married,4,Non-Citizen,No,White,8/15/11,4/7/12,relocation out of area,Voluntarily Terminated,Production       ,Michael Albert,Glassdoor,Fully Meets,6.06,5,,0,,,0
"Lundy, Susan",1305056276,24,Production Technician II,MA,2122,12/26/76,F,Widowed,2,US Citizen,No,White,7/8/13,9/15/13,more money,Voluntarily Terminated,Production       ,Michael Albert,On-campus Recruiting,Fully Meets,9.3,4,,0,,,3
"Moumanil, Maliki ",1301052436,29,Production Technician II,MA,1460,12/1/74,M ,Separated,3,US Citizen,No,Black or African American,5/13/13,,N/A - still employed,Active,Production       ,Michael Albert,On-campus Recruiting,Fully Meets,8.58,5,100,0,1/28/19,0,1
"Sloan, Constance",1012023103,23,Production Technician II,MA,1851,11/25/87,F,Single,5,US Citizen,No,White,10/26/09,4/8/15,maternity leave - did not return,Voluntarily Terminated,Production       ,Michael Albert,Monster.com,Fully Meets,9.36,4,,0,,,7
"Buccheri, Joseph  ",1101023457,22,Production Technician II,MA,1013,7/28/83,M ,Single,1,US Citizen,No,White,9/29/14,,N/A - still employed,Active,Production       ,Webster Butler,Word of Mouth,Fully Meets,6.38,3,68,0,2/1/19,0,6
"Fancett, Nicole",1402065085,24,Production Technician II,MA,2324,9/27/87,F,?,3,US Citizen,No,Black or African American,2/17/14,,N/A - still employed,Active,Production       ,Webster Butler,Newspager/Magazine,Fully Meets,8,4,86,0,1/7/19,0,2
"Hutter, Rosalie",1103024924,28,Production Technician II,MA,2351,5/7/92,F,Separated,1,US Citizen,No,White,6/5/15,,N/A - Has not started yet,Future Start,Production       ,Webster Butler,Other,Fully Meets,5.26,3,71,0,2/14/19,0,1
"Manchester, Robyn",1110029623,23,Production Technician II,MA,2324,8/25/76,F,Married,0,US Citizen,No,White,5/11/16,,N/A - Has not started yet,Future Start,Production       ,Webster Butler,Vendor Referral,Fully Meets,10,3,66,0,1/21/19,0,1
"Oliver, Brooke ",1001856521,25,Production Technician II,MA,2492,2/11/52,F,Married,1,US Citizen,No,Asian,5/14/12,8/19/13,unhappy,Voluntarily Terminated,Production       ,Webster Butler,Newspager/Magazine,Fully Meets,10,3,,0,,,2
"Thibaud, Kenneth",1011022777,23,Production Technician II,MA,2472,9/16/75,M ,Widowed,4,US Citizen,No,White,6/25/07,8/30/10,military,Voluntarily Terminated,Production       ,Webster Butler,Pay Per Click - Google,Fully Meets,2.74,4,,0,,,6
"Daneault, Lynn",1402065303,112320,Sales Manager,VT,5473,4/19/90,F,Single,1,US Citizen,No,White,5/5/14,,N/A - still employed,Active,Sales,Debra Houlihan,Pay Per Click - Google,Fully Meets,9.24,4,91,0,1/24/19,0,6
"Kampew, Donysha",1109029264,125320,Sales Manager,PA,19444,11/11/89,F,Single,2,US Citizen,No,White,11/7/11,4/24/14,maternity leave - did not return,Voluntarily Terminated,Sales,Debra Houlihan,Social Networks - Facebook Twitter etc,Fully Meets,3.8,5,,0,,,4
"Smith, John",1499902910,116480,Sales Manager,MA,1886,8/16/84,M ,Divorced,3,US Citizen,No,Black or African American,5/18/14,,N/A - still employed,Active,Sales,Debra Houlihan,Diversity Job Fair,Needs Improvement,3.24,4,87,0,1/16/19,0,2
"Le, Binh",1009919930,104520,Senior BI Developer,MA,1886,6/14/87,F,Single,5,US Citizen,No,Asian,10/2/16,,N/A - still employed,Active,IT/IS,Brian Champaigne,Indeed,Fully Meets,4.18,5,100,7,1/8/19,0,4
"Navathe, Kurt",1009919960,108680,Senior BI Developer,MA,2056,4/25/70,M ,Single,5,US Citizen,No,Asian,2/10/17,,N/A - still employed,Active,IT/IS,Brian Champaigne,Indeed,Fully Meets,10,3,68,6,2/25/19,0,6
"Wang, Charlie",1009919970,106080,Senior BI Developer,MA,1887,7/8/81,M ,Single,0,US Citizen,No,Asian,2/15/17,,N/A - still employed,Active,IT/IS,Brian Champaigne,Indeed,Fully Meets,6.84,4,83,7,1/4/19,0,1
"LeBlanc, Brandon  R",1102024115,114400,Shared Services Manager,MA,1460,6/10/84,M ,Married,0,US Citizen,No,White,1/5/16,,N/A - still employed,Active,Admin Offices,Janet King,Monster.com,Fully Meets,3.9,4,83,0,1/28/19,0,0
"Quinn, Sean",1206043417,114400,Shared Services Manager,MA,2045,11/6/84,M ,Married,4,Eligible NonCitizen,No,Black or African American,2/21/11,8/15/15,career change,Voluntarily Terminated,Admin Offices,Janet King,Diversity Job Fair,Fully Meets,8.3,4,,0,,,2
"Andreola, Colby",1107027358,99008,Software Engineer,MA,2110,5/24/79,F,Single,1,US Citizen,No,White,11/10/14,,N/A - still employed,Active,Software Engineering,Alex Sweetwater,Vendor Referral,Fully Meets,6.08,3,69,4,1/2/19,0,3
"Carabbio, Judith",1101023577,116480,Software Engineer,MA,2132,4/5/87,F,Single,4,US Citizen,No,White,11/11/13,,N/A - still employed,Active,Software Engineering,Alex Sweetwater,Pay Per Click - Google,Fully Meets,9.92,4,86,6,1/30/19,0,7
"Del Bosque, Keyla",1203032498,118809.6,Software Engineer,MA,2176,7/5/79,F,Single,3,US Citizen,No,Black or African American,1/9/12,,N/A - still employed,Active,Software Engineering,Alex Sweetwater,Monster.com,Fully Meets,7.58,5,100,5,1/25/19,0,2
"Exantus, Susan",1401064670,100880,Software Engineer,MA,1749,5/15/87,F,Married,2,US Citizen,No,Black or African American,5/2/11,6/5/13,attendance,Terminated for Cause,Software Engineering,Alex Sweetwater,Billboard,Needs Improvement,5.1,5,,4,,,1
"Martin, Sandra",1303054625,115460.8,Software Engineer,MA,2135,11/7/87,F,Single,3,US Citizen,No,Asian,11/11/13,,N/A - still employed,Active,Software Engineering,Alex Sweetwater,Search Engine - Google Bing Yahoo,Fully Meets,3.06,5,100,4,1/14/19,0,5
"Patronick, Luke",1112030979,108680,Software Engineer,MA,1844,2/20/79,M ,Single,2,US Citizen,No,Asian,11/7/11,9/7/15,Another position,Voluntarily Terminated,Software Engineering,Alex Sweetwater,Diversity Job Fair,Exceeds,2.2,5,,3,,,2
"Saada, Adell",1012023185,102440,Software Engineer,MA,2132,7/24/86,F,Married,1,US Citizen,No,White,11/5/12,,N/A - still employed,Active,Software Engineering,Alex Sweetwater,Pay Per Click - Google,Fully Meets,3.48,3,67,6,2/13/19,0,2
"Szabo, Andrew",1201031324,99840,Software Engineer,MA,2140,5/6/83,M ,Single,4,US Citizen,No,White,7/7/14,,N/A - still employed,Active,Software Engineering,Alex Sweetwater,MBTA ads,Exceeds,5.22,5,100,5,2/18/19,0,7
"True, Edward",1102024057,94473.6,Software Engineer,MA,2451,6/14/83,M ,Single,1,Non-Citizen,No,Black or African American,2/18/13,4/15/14,medical issues,Voluntarily Terminated,Software Engineering,Alex Sweetwater,Diversity Job Fair,Fully Meets,2.22,3,,4,,,6
"Sweetwater, Alex",1001644719,56160,Software Engineering Manager,MA,2184,11/22/66,M ,Single,5,US Citizen,No,White,8/15/11,,N/A - still employed,Active,Software Engineering,Jennifer Zamora,Search Engine - Google Bing Yahoo,Fully Meets,7.68,3,64,5,1/21/19,0,4
"Foster-Baker, Amy",1201031308,72696,Sr. Accountant,MA,2050,4/16/79,F,Married,5,US Citizen,no,White,1/5/09,,N/A - still employed,Active,Admin Offices,Board of Directors,Other,Fully Meets,10,3,62,2,2/8/19,0,2
"Boutwell, Bonalyn",1307060188,72696,Sr. Accountant,MA,2468,4/4/87,F,Married,3,US Citizen,No,Asian,2/16/15,,N/A - still employed,Active,Admin Offices,Brandon R. LeBlanc,Diversity Job Fair,Fully Meets,10,4,91,3,2/18/19,0,2
"Ait Sidi, Karthikeyan   ",1307060199,128960,Sr. DBA,MA,2148,5/5/75,M ,?,4,US Citizen,No,White,3/30/15,6/16/16,career change,Voluntarily Terminated,IT/IS,Simon Roup,Company Intranet - Partner,Fully Meets,9.92,3,,6,,,0
"Carr, Claudia  N",1010022337,127504,Sr. DBA,MA,1886,6/6/86,F,Single,3,US Citizen,No,Black or African American,6/30/16,,N/A - Has not started yet,Future Start,IT/IS,Simon Roup,Vendor Referral,Fully Meets,10,5,100,6,2/18/19,0,5
"Favis, Donald  ",1412071562,121056,Enterprise Architect,CT,6033,7/30/64,M ,Single,3,US Citizen,No,Black or African American,2/17/14,2/19/16,hours,Terminated for Cause,IT/IS,Simon Roup,Vendor Referral,Fully Meets,5.88,5,,7,,,2
"Roehrich, Bianca",1111030266,121680,Principal Data Architect,MA,2703,5/27/73,F,Single,2,US Citizen,Yes,White,1/5/15,11/10/15,Another position,Voluntarily Terminated,IT/IS,Simon Roup,Vendor Referral,Fully Meets,7.76,3,,7,,,4
"Daniele, Ann  ",1411071312,112528,Sr. Network Engineer,CT,6033,1/18/52,F,Married,0,US Citizen,No,White,11/10/14,,N/A - still employed,Leave of Absence,IT/IS,Peter Monroe,Vendor Referral,Fully Meets,3.1,5,100,8,2/12/19,0,1
"Lajiri,  Jyoti",1108028108,116896,Sr. Network Engineer,MA,2169,4/23/86,M ,Married,3,US Citizen,No,White,11/10/14,,N/A - still employed,Leave of Absence,IT/IS,Peter Monroe,Employee Referral,Fully Meets,8.92,5,100,6,1/7/19,0,1
"Semizoglou, Jeremiah  ",904013591,111904,Sr. Network Engineer,MA,1545,2/9/83,M ,Married,0,US Citizen,No,Asian,6/30/16,,N/A - Has not started yet,Future Start,IT/IS,Peter Monroe,On-campus Recruiting,Fully Meets,6.54,4,90,5,1/14/19,0,1
"South, Joe",1308060959,110240,Sr. Network Engineer,CT,6278,9/9/65,M ,Single,1,US Citizen,No,White,11/10/14,,N/A - still employed,Active,IT/IS,Peter Monroe,Employee Referral,Fully Meets,10,3,63,4,1/2/19,0,3
"Warfield, Sarah",1301052347,114816,Sr. Network Engineer,MA,2453,5/2/78,F,Widowed,4,US Citizen,No,Asian,3/30/15,,N/A - still employed,Active,IT/IS,Peter Monroe,Employee Referral,Fully Meets,2.12,4,89,8,2/5/19,0,4